"score","sentiment_range","count"
711,"Positive","1"
468,"Positive","1"
463,"Neutral","1"
461,"Positive","1"
374,"Neutral","1"
373,"Neutral","1"
345,"Neutral","1"
318,"Neutral","1"
284,"Neutral","1"
258,"Neutral","1"
254,"Positive","1"
249,"Positive","1"
230,"Neutral","1"
225,"Neutral","2"
216,"Negative","1"
215,"Neutral","1"
213,"Neutral","1"
207,"Neutral","1"
202,"Negative","1"
189,"Neutral","1"
176,"Neutral","1"
165,"Neutral","1"
161,"Neutral","1"
160,"Neutral","1"
151,"Negative","2"
128,"Neutral","1"
124,"Neutral","1"
120,"Neutral","1"
117,"Positive","1"
108,"Neutral","1"
107,"Positive","2"
103,"Neutral","1"
102,"Positive","1"
100,"Positive","1"
97,"Positive","1"
88,"Neutral","1"
85,"Positive","1"
79,"Positive","1"
77,"Positive","1"
76,"Neutral","1"
71,"Positive","1"
70,"Neutral","1"
68,"Negative","1"
68,"Neutral","1"
68,"Positive","1"
58,"Neutral","2"
57,"Neutral","1"
55,"Neutral","1"
55,"Positive","1"
53,"Positive","1"
51,"Neutral","1"
51,"Positive","1"
50,"Neutral","1"
48,"Neutral","1"
46,"Neutral","2"
44,"Positive","1"
43,"Neutral","1"
42,"Positive","1"
40,"Positive","1"
39,"Positive","1"
38,"Neutral","1"
37,"Neutral","1"
36,"Neutral","2"
35,"Positive","1"
29,"Neutral","1"
23,"Neutral","1"
20,"Neutral","1"
19,"Neutral","2"
18,"Negative","1"
17,"Positive","1"
16,"Neutral","2"
14,"Neutral","4"
13,"Neutral","1"
12,"Negative","1"
12,"Positive","1"
11,"Neutral","1"
10,"Neutral","1"
9,"Positive","1"
8,"Neutral","1"
6,"Neutral","1"
0,"Neutral","4"
0,"Positive","5"
